"Name","Color","Rarity","# Seen","ALSA","# Picked","ATA","# GP","% GP","GP WR","# OH","OH WR","# GD","GD WR","# GIH","GIH WR","# GNS","GNS WR","IIH"
"Aang's Journey","","C","143688","5.96","22317","8.29","80306","55.2%","53.9%","14842","54.0%","21138","55.8%","35980","55.1%","43670","52.9%","2.2pp"
"Energybending","","U","60063","6.80","7417","9.95","10662","22.3%","50.4%","1904","48.9%","2844","51.8%","4748","50.7%","5864","50.1%","0.5pp"
"Zuko's Exile","","C","158522","7.00","16373","10.49","27185","25.6%","50.0%","4392","46.8%","7067","50.4%","11459","49.0%","15479","50.6%","-1.5pp"
"Aang, the Last Airbender","W","U","18525","2.49","9271","2.70","66913","92.0%","58.5%","11284","60.4%","16909","61.7%","28193","61.2%","38326","56.3%","4.9pp"
"Aang's Iceberg","W","R","7375","2.16","3400","2.32","24973","89.4%","56.3%","4263","55.4%","6258","58.0%","10521","56.9%","14482","55.7%","1.2pp"
"Airbender Ascension","W","R","8706","2.57","2922","2.84","17963","79.0%","54.1%","3209","52.9%","4433","53.0%","7642","52.9%","10326","54.9%","-2.0pp"
"Airbender's Reversal","W","U","26439","3.15","7043","3.75","42099","87.0%","54.8%","7250","52.9%","10478","55.3%","17728","54.3%","24090","55.0%","-0.7pp"
"Airbending Lesson","W","C","106927","4.44","28083","5.48","162306","84.7%","57.1%","27835","56.2%","40446","58.1%","68281","57.4%","92901","56.7%","0.7pp"
"Appa, Loyal Sky Bison","W","U","38803","4.53","5672","6.13","24019","63.9%","53.5%","3893","48.2%","5927","54.5%","9820","52.0%","14158","54.3%","-2.2pp"
"Appa, Steadfast Guardian","W","M","2654","1.51","1689","1.56","14920","90.2%","57.1%","2546","57.5%","3819","60.7%","6365","59.5%","8489","55.0%","4.5pp"
"Avatar Enthusiasts","W","C","117082","4.85","18627","6.75","99813","79.7%","56.2%","17297","56.8%","22993","53.9%","40290","55.1%","59157","56.8%","-1.7pp"
"Avatar's Wrath","W","R","9011","2.62","2797","2.87","16365","74.7%","54.6%","2749","52.3%","4073","56.8%","6822","55.0%","9535","54.4%","0.6pp"
"Compassionate Healer","W","C","120735","4.92","24481","6.45","141016","84.7%","57.5%","25894","60.1%","32199","55.3%","58093","57.4%","82408","57.6%","-0.1pp"
"Curious Farm Animals","W","C","159361","7.44","16996","11.04","18471","16.4%","53.5%","3222","53.5%","4339","53.3%","7561","53.4%","10894","53.6%","-0.2pp"
"Destined Confrontation","W","U","55827","6.79","6036","10.20","5429","13.6%","50.2%","888","43.9%","1395","48.2%","2283","46.5%","3142","52.8%","-6.3pp"
"Earth Kingdom Jailer","W","U","19602","2.52","9296","2.78","65880","92.2%","58.8%","11418","60.5%","16748","61.6%","28166","61.1%","37492","56.7%","4.5pp"
"Earth Kingdom Protectors","W","U","36869","4.17","9426","4.90","55997","85.2%","57.8%","9996","59.3%","12819","56.2%","22815","57.6%","32897","57.9%","-0.3pp"
"Enter the Avatar State","W","U","40931","4.58","7681","5.97","38045","73.5%","56.4%","6346","56.1%","9216","56.7%","15562","56.4%","22251","56.2%","0.2pp"
"Fancy Footwork","W","U","49572","5.46","7916","7.41","29434","56.5%","55.5%","4852","52.2%","6922","54.8%","11774","53.7%","17526","56.5%","-2.8pp"
"Gather the White Lotus","W","U","42896","5.12","9415","6.06","39309","59.3%","57.7%","6741","55.6%","9440","59.4%","16181","57.8%","23127","57.6%","0.1pp"
"Glider Kids","W","C","118199","4.75","24098","6.20","140571","86.4%","57.1%","25105","56.1%","33750","56.8%","58855","56.5%","81187","57.4%","-0.9pp"
"Glider Staff","W","U","29303","3.57","10704","3.94","66230","85.9%","57.4%","11539","56.7%","16448","59.6%","27987","58.4%","37963","56.5%","1.9pp"
"Hakoda, Selfless Commander","W","R","6077","1.87","3213","1.98","26628","91.7%","57.0%","4538","58.1%","6792","58.6%","11330","58.4%","15217","55.7%","2.7pp"
"Invasion Reinforcements","W","U","28338","3.26","9202","3.77","58720","91.0%","57.2%","10569","57.4%","13518","57.0%","24087","57.2%","34357","57.0%","0.1pp"
"Jeong Jeong's Deserters","W","C","125188","5.07","24453","6.71","140010","84.7%","57.3%","25473","57.5%","32066","55.2%","57539","56.2%","81903","57.9%","-1.7pp"
"Kyoshi Warriors","W","C","117244","4.79","24946","6.23","142218","84.2%","57.1%","24136","56.8%","34069","56.8%","58205","56.8%","83405","57.3%","-0.5pp"
"The Legend of Yangchen","W","M","3204","1.76","2137","1.78","18119","89.8%","59.3%","3041","64.9%","4700","66.9%","7741","66.1%","10355","54.3%","11.8pp"
"Master Piandao","W","U","30173","3.58","7094","4.34","41466","85.0%","56.1%","6791","54.5%","10197","55.5%","16988","55.1%","24599","56.6%","-1.5pp"
"Momo, Friendly Flier","W","R","10923","2.93","3302","3.32","20090","77.1%","56.7%","3624","63.4%","4715","54.7%","8339","58.5%","11669","55.3%","3.2pp"
"Momo, Playful Pet","W","U","28053","3.32","8548","3.84","53965","88.8%","57.5%","9814","61.5%","12451","56.6%","22265","58.8%","31473","56.5%","2.2pp"
"Path to Redemption","W","C","93551","3.86","23629","4.83","143537","89.1%","57.2%","24606","55.5%","35551","59.0%","60157","57.6%","83373","56.9%","0.7pp"
"Rabaroo Troop","W","C","159418","7.25","18574","10.62","27138","21.9%","53.9%","4703","52.6%","6462","52.5%","11165","52.6%","15963","54.8%","-2.2pp"
"Razor Rings","W","C","114441","4.63","21221","6.21","112716","79.4%","56.0%","19533","54.3%","27416","57.1%","46949","55.9%","65666","56.0%","-0.1pp"
"Sandbenders' Storm","W","C","144594","6.18","16943","9.19","45893","40.7%","54.3%","7672","50.5%","11249","54.8%","18921","53.0%","26957","55.1%","-2.1pp"
"South Pole Voyager","W","R","5919","1.89","3225","2.00","27917","92.5%","57.8%","5156","62.6%","6682","60.1%","11838","61.2%","15950","55.0%","6.2pp"
"Southern Air Temple","W","U","50091","5.92","6856","8.38","12334","27.8%","50.0%","2010","45.7%","3201","54.0%","5211","50.8%","6493","48.0%","2.8pp"
"Suki, Courageous Rescuer","W","R","5542","1.77","3142","1.87","27774","91.9%","58.6%","4823","63.2%","6905","62.1%","11728","62.5%","15993","55.3%","7.2pp"
"Team Avatar","W","U","26624","3.28","7517","3.81","43665","84.1%","55.3%","7236","53.2%","10580","56.0%","17816","54.9%","25859","55.6%","-0.7pp"
"United Front","W","M","2643","1.54","1914","1.58","17149","92.7%","58.7%","2914","63.6%","4278","66.9%","7192","65.6%","9948","53.7%","11.9pp"
"Vengeful Villagers","W","U","55318","6.49","6592","9.40","11810","27.2%","52.9%","1960","51.1%","2892","49.4%","4852","50.1%","6968","54.8%","-4.7pp"
"Water Tribe Captain","W","C","135083","5.61","23567","7.58","115754","72.9%","57.1%","20151","56.4%","27148","56.0%","47299","56.2%","68073","57.5%","-1.4pp"
"Water Tribe Rallier","W","U","23890","2.94","10379","3.26","70588","91.5%","58.4%","12981","60.3%","17206","60.1%","30187","60.2%","40157","56.9%","3.3pp"
"Yip Yip!","W","C","152248","6.60","23990","9.01","88511","54.6%","57.7%","14600","56.0%","20817","57.9%","35417","57.1%","52687","57.9%","-0.8pp"
"Accumulate Wisdom","U","U","27975","3.30","10022","3.79","61936","88.6%","55.5%","10946","54.3%","17582","58.7%","28528","57.0%","32601","54.0%","3.0pp"
"Benevolent River Spirit","U","U","36520","4.19","10883","4.89","61774","82.7%","56.0%","10333","54.1%","18211","59.1%","28544","57.3%","33276","54.9%","2.4pp"
"Boomerang Basics","U","U","38007","4.24","10200","5.13","57379","83.0%","55.8%","9863","53.7%","16327","59.1%","26190","57.1%","30569","54.5%","2.6pp"
"Crashing Wave","U","U","54454","6.34","7494","8.96","16072","32.4%","52.2%","2628","47.3%","4475","55.1%","7103","52.2%","8922","52.1%","0.1pp"
"Ember Island Production","U","U","56065","6.58","7262","9.45","11513","23.8%","52.4%","1897","48.6%","3320","54.8%","5217","52.5%","6286","52.3%","0.3pp"
"First-Time Flyer","U","C","124546","5.06","25865","6.68","137410","79.7%","55.8%","24395","55.9%","38253","57.0%","62648","56.6%","74395","55.0%","1.6pp"
"Flexible Waterbender","U","C","165163","8.05","20158","11.57","14943","11.3%","52.7%","2567","52.2%","4119","53.4%","6686","53.0%","8256","52.5%","0.4pp"
"Forecasting Fortune Teller","U","C","104582","4.35","32175","5.25","196093","89.5%","56.6%","35608","57.6%","54257","58.1%","89865","57.9%","105550","55.5%","2.4pp"
"Geyser Leaper","U","C","158636","7.19","20013","10.48","38553","29.3%","52.2%","6466","48.5%","10797","53.3%","17263","51.5%","21381","52.7%","-1.2pp"
"Giant Koi","U","C","154645","6.80","22527","9.71","65672","44.3%","53.9%","11499","51.8%","18855","55.6%","30354","54.1%","35432","53.6%","0.5pp"
"Gran-Gran","U","U","35417","4.11","11114","4.65","63608","82.6%","57.3%","11496","63.4%","17429","56.8%","28925","59.4%","34535","55.5%","3.9pp"
"Honest Work","U","U","52142","6.09","5568","9.11","11620","31.8%","50.5%","1955","47.3%","3157","52.8%","5112","50.7%","6485","50.3%","0.4pp"
"Iguana Parrot","U","C","139860","6.02","19681","8.66","69280","53.4%","54.1%","12121","53.4%","18985","54.9%","31106","54.3%","38113","53.8%","0.5pp"
"Invasion Submersible","U","U","26964","3.29","12947","3.56","89185","91.7%","58.5%","15654","60.4%","25501","63.2%","41155","62.2%","47908","55.3%","6.8pp"
"It'll Quench Ya!","U","C","126372","5.26","28589","6.72","152412","79.1%","56.7%","26907","58.9%","42519","58.2%","69426","58.5%","81792","55.1%","3.3pp"
"Katara, Bending Prodigy","U","U","24571","3.02","8703","3.47","54889","90.7%","54.9%","9567","54.5%","15612","56.5%","25179","55.8%","29721","54.0%","1.8pp"
"Knowledge Seeker","U","U","29485","3.46","11741","3.91","75504","90.7%","57.1%","13525","59.4%","21303","58.4%","34828","58.8%","40598","55.6%","3.2pp"
"The Legend of Kuruk","U","M","2948","1.72","2048","1.75","17935","92.7%","59.2%","3077","66.7%","5197","65.9%","8274","66.2%","9593","53.4%","12.8pp"
"Lost Days","U","C","127830","5.35","34466","6.58","194223","82.8%","57.4%","32329","55.4%","55170","60.7%","87499","58.8%","104463","56.0%","2.8pp"
"Master Pakku","U","U","49285","5.67","7871","7.75","25383","49.3%","52.9%","4508","50.5%","7153","54.4%","11661","52.9%","13682","53.0%","-0.2pp"
"The Mechanist, Aerial Artisan","U","R","6927","2.12","3987","2.21","31125","91.9%","56.4%","5406","60.4%","8944","58.7%","14350","59.3%","16733","53.7%","5.6pp"
"North Pole Patrol","U","U","44231","4.91","9762","6.25","47325","73.3%","55.2%","8228","55.5%","13300","56.0%","21528","55.8%","25723","54.6%","1.2pp"
"Octopus Form","U","C","141510","6.01","26666","8.02","122299","68.8%","56.3%","20437","55.3%","34658","58.8%","55095","57.5%","65913","55.0%","2.5pp"
"Otter-Penguin","U","C","152800","6.95","26162","9.39","83635","48.4%","54.9%","14950","54.1%","23589","56.1%","38539","55.3%","45003","54.5%","0.8pp"
"Rowdy Snowballers","U","C","149399","6.46","19244","9.42","50010","39.6%","52.2%","8704","47.6%","13572","54.4%","22276","51.7%","27520","52.5%","-0.8pp"
"Secret of Bloodbending","U","M","13209","5.17","1780","7.71","1651","13.9%","47.1%","243","","502","53.0%","745","47.5%","883","46.2%","1.3pp"
"Serpent of the Pass","U","U","43033","4.87","8487","6.29","37820","66.9%","53.1%","6299","49.3%","11312","55.6%","17611","53.3%","20135","52.8%","0.5pp"
"Sokka's Haiku","U","U","55033","6.20","10079","8.26","31115","46.5%","55.5%","5134","54.1%","9085","58.1%","14219","56.7%","16592","54.3%","2.4pp"
"The Spirit Oasis","U","U","55100","6.63","7397","9.31","8225","16.9%","49.0%","1454","51.3%","2148","56.2%","3602","54.2%","3870","42.5%","11.7pp"
"Spirit Water Revival","U","R","11751","3.12","3974","3.40","23707","81.8%","54.8%","4097","52.5%","6648","58.0%","10745","55.9%","12924","53.8%","2.1pp"
"Teo, Spirited Glider","U","U","33366","3.92","9456","4.58","53477","82.9%","55.7%","9103","55.7%","15282","57.9%","24385","57.1%","29143","54.5%","2.5pp"
"Tiger-Seal","U","R","24766","5.59","3464","8.20","4190","18.2%","52.4%","726","52.6%","1262","55.2%","1988","54.3%","2199","50.8%","3.5pp"
"Ty Lee, Chi Blocker","U","R","7007","2.06","3857","2.18","30177","91.9%","57.2%","5327","57.7%","8654","61.4%","13981","60.0%","16053","54.5%","5.6pp"
"The Unagi of Kyoshi Island","U","R","6417","2.00","3796","2.09","30034","91.5%","56.6%","5062","60.6%","8824","60.2%","13886","60.3%","16088","53.4%","6.9pp"
"Wan Shi Tong, Librarian","U","M","2488","1.47","1852","1.49","17191","92.2%","59.0%","2997","61.6%","5005","67.3%","8002","65.2%","9123","53.7%","11.5pp"
"Waterbender Ascension","U","R","14792","3.84","2566","4.84","9865","56.2%","49.4%","1687","44.3%","2558","47.7%","4245","46.3%","5619","51.6%","-5.3pp"
"Waterbending Lesson","U","C","133119","5.55","26715","7.33","133640","74.8%","55.8%","22639","54.1%","37570","58.0%","60209","56.5%","72000","55.1%","1.5pp"
"Waterbending Scroll","U","U","49386","5.82","8670","7.64","26754","46.8%","53.1%","4747","50.5%","7788","55.7%","12535","53.8%","14152","52.4%","1.3pp"
"Watery Grasp","U","C","130246","5.47","29273","6.93","150143","76.3%","56.9%","25740","55.0%","42867","60.2%","68607","58.3%","81218","55.7%","2.5pp"
"Yue, the Moon Spirit","U","R","11417","3.09","2939","3.58","16597","76.7%","52.5%","2781","51.3%","4720","54.2%","7501","53.1%","9100","51.8%","1.4pp"
"Azula Always Lies","B","C","150128","6.68","20351","9.38","60256","45.3%","54.0%","10377","53.6%","15402","56.0%","25779","55.0%","34183","53.2%","1.8pp"
"Azula, On the Hunt","B","U","33322","3.91","7642","4.75","43446","85.8%","54.1%","7444","53.1%","11515","55.6%","18959","54.6%","24333","53.6%","1.0pp"
"Beetle-Headed Merchants","B","C","156609","7.33","18742","10.53","43525","35.6%","52.3%","7199","49.4%","11741","52.6%","18940","51.4%","24766","52.9%","-1.5pp"
"Boiling Rock Rioter","B","R","11007","3.01","3479","3.37","20471","79.3%","54.2%","3549","55.1%","5374","56.6%","8923","56.0%","11548","52.8%","3.2pp"
"Buzzard-Wasp Colony","B","U","49083","5.72","6595","7.84","22003","51.5%","51.8%","3670","47.1%","5786","53.0%","9456","50.7%","12573","52.5%","-1.9pp"
"Callous Inspector","B","C","144193","6.25","21186","8.56","90067","64.7%","54.4%","16029","56.1%","22938","54.0%","38967","54.9%","51057","54.0%","0.9pp"
"Canyon Crawler","B","C","153995","6.87","19452","9.86","57920","45.7%","54.3%","10172","52.3%","15442","56.2%","25614","54.7%","32489","53.9%","0.8pp"
"Cat-Gator","B","U","49958","5.97","9400","7.45","33174","53.1%","55.8%","5469","52.5%","8959","60.7%","14428","57.6%","18718","54.4%","3.2pp"
"Corrupt Court Official","B","C","132523","5.61","23643","7.39","119250","76.3%","55.1%","21441","55.8%","31038","55.9%","52479","55.9%","66617","54.5%","1.4pp"
"Dai Li Indoctrination","B","C","158743","7.55","18293","10.96","25742","21.7%","52.5%","4493","51.6%","6520","53.0%","11013","52.4%","14566","52.5%","-0.1pp"
"Day of Black Sun","B","R","8911","2.58","3481","2.73","23945","83.0%","56.2%","4133","56.3%","6583","62.6%","10716","60.1%","13202","52.9%","7.2pp"
"Deadly Precision","B","C","119669","5.09","22080","6.59","115878","79.7%","55.1%","19662","53.6%","31162","58.5%","50824","56.6%","65024","53.9%","2.8pp"
"Epic Downfall","B","U","26004","3.12","8387","3.61","52335","89.9%","55.8%","9158","55.9%","14034","60.1%","23192","58.5%","29090","53.7%","4.8pp"
"Fatal Fissure","B","U","58756","7.27","6398","10.79","5473","13.1%","49.0%","926","43.7%","1364","48.3%","2290","46.5%","3183","50.7%","-4.2pp"
"The Fire Nation Drill","B","R","7180","2.20","3576","2.31","28733","88.3%","59.0%","4978","67.5%","7733","66.7%","12711","67.0%","16014","52.7%","14.3pp"
"Fire Nation Engineer","B","U","41651","4.75","7069","6.22","34780","74.4%","54.6%","5914","56.1%","8889","55.2%","14803","55.6%","19996","53.8%","1.8pp"
"Fire Navy Trebuchet","B","U","37137","4.36","6842","5.53","34116","76.8%","53.3%","6059","53.2%","8772","56.2%","14831","55.0%","19322","52.0%","3.0pp"
"Foggy Swamp Hunters","B","C","166183","8.38","19337","11.93","13817","10.9%","52.2%","2321","51.5%","3873","53.6%","6194","52.8%","7655","51.9%","0.9pp"
"Foggy Swamp Visions","B","R","24963","5.84","2956","8.71","1897","9.9%","46.8%","325","","511","49.7%","836","46.3%","1063","47.2%","-0.9pp"
"Heartless Act","B","U","24308","2.94","8619","3.38","55571","90.2%","56.0%","9637","58.2%","14923","60.4%","24560","59.5%","30973","53.3%","6.3pp"
"Hog-Monkey","B","C","162153","7.91","17640","11.53","16976","14.8%","51.8%","2947","48.7%","4212","53.6%","7159","51.6%","9826","52.0%","-0.4pp"
"Joo Dee, One of Many","B","U","38502","4.44","8374","5.38","45385","81.8%","54.2%","8088","55.5%","11582","55.3%","19670","55.3%","25703","53.3%","2.0pp"
"June, Bounty Hunter","B","U","38336","4.40","8370","5.42","46167","83.3%","54.2%","8253","53.3%","12070","55.5%","20323","54.6%","25886","53.9%","0.7pp"
"Koh, the Face Stealer","B","M","3240","1.81","1881","1.87","15965","88.3%","57.7%","2758","60.9%","4457","64.6%","7215","63.2%","8772","53.3%","9.9pp"
"Lo and Li, Twin Tutors","B","U","55124","6.45","7784","9.01","14602","28.8%","54.0%","2463","51.2%","3896","56.0%","6359","54.1%","8225","53.8%","0.3pp"
"Mai, Scornful Striker","B","R","12098","3.29","2680","3.92","14079","73.7%","53.8%","2514","54.1%","3548","54.3%","6062","54.2%","7954","53.3%","0.9pp"
"Merchant of Many Hats","B","C","151130","6.79","19990","9.60","67933","51.9%","54.3%","12141","54.4%","17238","54.1%","29379","54.2%","38525","54.3%","-0.1pp"
"Northern Air Temple","B","U","59667","7.36","7454","10.46","5860","12.2%","48.1%","996","47.1%","1619","54.9%","2615","51.9%","2863","43.1%","8.9pp"
"Obsessive Pursuit","B","R","8531","2.50","3468","2.72","24576","86.6%","55.7%","4501","58.2%","6488","58.7%","10989","58.5%","13589","53.4%","5.1pp"
"Ozai's Cruelty","B","U","50810","5.88","6802","8.36","19391","43.6%","54.0%","3376","53.9%","5157","55.7%","8533","55.0%","10709","53.1%","1.9pp"
"Phoenix Fleet Airship","B","M","3854","2.18","1807","2.28","14215","84.5%","55.7%","2416","59.7%","3978","61.5%","6394","60.8%","7827","51.4%","9.4pp"
"Pirate Peddlers","B","C","148253","6.72","17397","9.77","49489","44.3%","51.5%","8667","50.0%","12887","52.1%","21554","51.3%","27991","51.7%","-0.5pp"
"Raven Eagle","B","R","6869","2.08","3757","2.19","29441","89.8%","57.2%","5053","60.0%","8181","63.8%","13234","62.4%","16268","52.9%","9.5pp"
"The Rise of Sozin","B","M","2980","1.74","1846","1.76","16577","90.9%","59.3%","2926","66.7%","4757","67.9%","7683","67.5%","8950","52.5%","15.0pp"
"Ruinous Waterbending","B","U","56317","6.73","6677","9.77","9204","21.4%","51.7%","1565","49.5%","2382","54.0%","3947","52.2%","5189","51.3%","0.9pp"
"Sold Out","B","C","101638","4.35","22558","5.46","128465","85.5%","55.3%","21758","53.2%","34495","58.7%","56253","56.6%","72118","54.4%","2.2pp"
"Swampsnare Trap","B","C","123392","5.26","19517","7.10","89802","70.6%","53.7%","15458","51.5%","23837","56.2%","39295","54.4%","50471","53.1%","1.3pp"
"Tundra Tank","B","U","58437","6.93","7544","9.82","11631","23.5%","54.6%","1953","53.9%","2949","54.4%","4902","54.2%","6752","54.8%","-0.6pp"
"Wolfbat","B","U","53311","6.16","7538","8.53","23316","47.4%","53.4%","4064","52.2%","6229","55.2%","10293","54.0%","13049","52.9%","1.1pp"
"Zuko's Conviction","B","U","50589","5.75","7271","7.95","23811","50.7%","52.6%","3892","47.2%","6296","54.8%","10188","51.9%","13628","53.1%","-1.3pp"
"Boar-q-pine","R","C","155614","7.33","16982","10.72","31781","28.9%","52.4%","5457","52.0%","8302","51.8%","13759","51.8%","18008","52.8%","-1.0pp"
"Bumi Bash","R","C","143875","6.22","18420","8.93","56857","47.2%","52.6%","9512","49.6%","14278","54.5%","23790","52.6%","33026","52.6%","-0.0pp"
"The Cave of Two Lovers","R","U","36196","4.13","9971","4.82","54556","78.1%","57.9%","9319","60.2%","13686","59.5%","23005","59.8%","31372","56.5%","3.3pp"
"Combustion Man","R","U","39059","4.53","5910","6.00","25399","66.1%","52.2%","4263","51.1%","6346","52.9%","10609","52.2%","14883","51.9%","0.3pp"
"Combustion Technique","R","U","28548","3.32","9639","3.80","60926","88.6%","56.6%","10687","57.3%","15543","59.8%","26230","58.8%","33982","54.8%","4.0pp"
"Crescent Island Temple","R","U","56875","6.96","7254","9.74","7434","15.7%","49.9%","1267","49.3%","2120","57.3%","3387","54.3%","3406","43.5%","10.8pp"
"Cunning Maneuver","R","C","157552","7.29","20346","10.30","46615","34.4%","54.7%","7669","52.5%","11190","55.2%","18859","54.1%","27745","55.1%","-0.9pp"
"Deserter's Disciple","R","C","157767","7.15","22027","9.89","67348","46.6%","55.1%","12212","54.3%","15342","52.9%","27554","53.5%","39711","56.2%","-2.7pp"
"Fated Firepower","R","M","7864","3.67","1900","4.35","9224","62.9%","56.0%","1512","55.8%","2353","58.1%","3865","57.2%","5371","55.0%","2.2pp"
"Fire Nation Attacks","R","U","43827","4.93","9100","6.17","41608","68.5%","54.9%","6981","54.0%","10371","55.3%","17352","54.8%","24243","54.9%","-0.1pp"
"Fire Nation Cadets","R","C","136896","6.05","25231","7.70","110362","65.0%","56.2%","19924","59.6%","26472","54.0%","46396","56.4%","63854","55.9%","0.5pp"
"Fire Nation Raider","R","C","162999","7.87","19596","11.17","25895","20.0%","52.1%","4334","49.9%","6357","51.5%","10691","50.9%","15210","52.9%","-2.0pp"
"Fire Sages","R","U","33181","3.84","8436","4.62","49794","86.1%","55.6%","8989","57.8%","11882","54.4%","20871","55.8%","28926","55.3%","0.5pp"
"Firebender Ascension","R","R","11113","3.07","2900","3.54","16954","77.0%","53.8%","3078","54.8%","3904","52.2%","6982","53.3%","9967","54.2%","-0.9pp"
"Firebending Lesson","R","C","77881","3.46","26328","3.98","165884","89.9%","56.5%","29202","57.8%","42235","58.8%","71437","58.4%","92871","54.9%","3.5pp"
"Firebending Student","R","R","11813","3.12","2745","3.77","15153","75.2%","52.5%","2814","52.3%","3645","50.8%","6459","51.5%","8687","53.2%","-1.8pp"
"How to Start a Riot","R","C","159474","7.53","20140","10.70","41451","31.3%","53.6%","6849","49.7%","9689","53.6%","16538","52.0%","24781","54.6%","-2.6pp"
"Iroh's Demonstration","R","U","24056","2.94","9290","3.33","60677","89.9%","56.8%","10512","57.8%","15486","59.6%","25998","58.9%","34107","55.1%","3.8pp"
"Jeong Jeong, the Deserter","R","U","38097","4.26","7277","5.41","35642","75.2%","53.3%","6206","52.2%","8951","52.2%","15157","52.2%","20459","54.1%","-1.9pp"
"Jet's Brainwashing","R","U","57784","6.78","6965","9.83","9989","21.9%","52.9%","1649","48.8%","2338","55.6%","3987","52.7%","6003","53.0%","-0.2pp"
"The Last Agni Kai","R","R","14646","3.67","2553","4.68","10030","57.9%","51.2%","1683","46.2%","2409","51.3%","4092","49.2%","5938","52.7%","-3.5pp"
"The Legend of Roku","R","M","2921","1.66","1922","1.67","16845","90.5%","58.0%","2978","62.3%","4420","62.7%","7398","62.6%","9458","54.3%","8.3pp"
"Lightning Strike","R","C","78563","3.45","22586","4.15","138597","89.3%","55.8%","24310","56.1%","34668","58.2%","58978","57.3%","79419","54.7%","2.6pp"
"Mai, Jaded Edge","R","U","38621","4.40","7449","5.53","38920","79.1%","54.0%","7148","54.2%","9227","52.1%","16375","53.0%","22533","54.7%","-1.7pp"
"Mongoose Lizard","R","C","162034","7.54","18587","10.97","29528","24.3%","53.5%","5220","51.0%","7350","54.1%","12570","52.8%","17011","54.0%","-1.3pp"
"Price of Freedom","R","U","61283","7.49","6819","11.02","4372","9.7%","50.4%","828","46.9%","1067","50.6%","1895","49.0%","2450","51.5%","-2.5pp"
"Ran and Shaw","R","R","6079","1.97","3171","2.07","25203","88.2%","55.8%","4345","54.9%","6943","60.5%","11288","58.4%","13818","53.4%","5.0pp"
"Redirect Lightning","R","R","16783","4.08","2553","5.62","9556","56.2%","51.0%","1547","47.7%","2407","52.4%","3954","50.6%","5544","51.2%","-0.7pp"
"Rough Rhino Cavalry","R","C","161806","7.78","17818","11.36","19027","16.3%","52.5%","3097","50.4%","4661","52.1%","7758","51.4%","11341","53.2%","-1.8pp"
"Solstice Revelations","R","U","58146","6.93","6771","10.07","9829","22.2%","51.6%","1671","49.4%","2463","51.2%","4134","50.4%","5656","52.3%","-1.9pp"
"Sozin's Comet","R","M","13122","5.31","1638","8.15","811","7.5%","48.5%","128","","186","","314","","496","",""
"Tiger-Dillo","R","U","57432","6.84","7622","9.46","15502","30.5%","54.5%","2758","58.0%","3602","54.2%","6360","55.9%","9119","53.4%","2.4pp"
"Treetop Freedom Fighters","R","C","147363","6.49","21017","8.96","78003","56.3%","54.9%","13525","54.0%","17927","54.6%","31452","54.3%","46385","55.3%","-1.0pp"
"Twin Blades","R","U","47205","5.36","7793","7.13","31267","59.8%","55.4%","5192","53.8%","7571","57.5%","12763","56.0%","18450","54.9%","1.0pp"
"Ty Lee, Artful Acrobat","R","U","41963","4.72","7441","6.07","35975","73.8%","54.4%","6180","53.6%","8856","53.6%","15036","53.6%","20964","54.8%","-1.2pp"
"War Balloon","R","U","49583","5.59","7624","7.64","26732","53.2%","53.7%","4605","52.9%","6366","54.3%","10971","53.7%","15815","53.6%","0.1pp"
"Wartime Protestors","R","R","7137","2.23","3340","2.36","25764","87.6%","56.7%","4378","59.9%","6321","58.6%","10699","59.1%","15062","54.9%","4.3pp"
"Yuyan Archers","R","C","144504","6.23","25291","8.18","118949","70.1%","56.8%","21880","58.1%","28389","55.9%","50269","56.9%","68533","56.8%","0.1pp"
"Zhao, the Moon Slayer","R","R","20254","4.57","3105","6.40","10762","52.5%","53.8%","1957","54.2%","2512","50.0%","4469","51.8%","6296","55.3%","-3.5pp"
"Zuko, Exiled Prince","R","U","37886","4.34","6955","5.56","34754","76.0%","53.3%","5902","50.8%","8604","53.3%","14506","52.3%","20227","54.1%","-1.8pp"
"Allies at Last","G","U","31751","3.61","9086","4.25","54074","86.0%","56.5%","9073","56.6%","13316","60.3%","22389","58.8%","31662","54.9%","3.8pp"
"Avatar Destiny","G","R","18239","4.53","2448","6.35","6211","37.2%","50.4%","1071","45.6%","1479","48.5%","2550","47.3%","3662","52.6%","-5.3pp"
"Badgermole","G","C","139963","6.11","21096","8.35","91477","65.2%","55.7%","15259","55.1%","22333","57.4%","37592","56.4%","53517","55.1%","1.3pp"
"Badgermole Cub","G","M","3054","1.75","1656","1.85","13365","83.5%","57.4%","2438","67.1%","3274","60.8%","5712","63.5%","7586","52.8%","10.7pp"
"The Boulder, Ready to Rumble","G","U","37007","4.28","7203","5.44","37310","77.3%","55.1%","6280","55.6%","9241","56.2%","15521","56.0%","21722","54.3%","1.7pp"
"Bumi, King of Three Trials","G","U","37845","4.31","7360","5.49","33550","68.9%","53.2%","5566","49.9%","8738","56.2%","14304","53.7%","18839","52.4%","1.3pp"
"Cycle of Renewal","G","C","141936","6.25","17834","8.84","57439","50.1%","51.3%","10352","49.6%","14416","50.8%","24768","50.3%","32192","51.9%","-1.6pp"
"Diligent Zookeeper","G","R","12055","3.38","3139","3.95","16799","70.4%","55.0%","2848","56.9%","4203","56.6%","7051","56.7%","9690","53.7%","3.0pp"
"The Earth King","G","R","5677","1.77","3341","1.83","28654","91.6%","57.9%","4941","66.0%","7057","63.1%","11998","64.3%","16242","52.9%","11.4pp"
"Earth Kingdom General","G","U","34922","3.95","7438","4.92","41241","83.2%","55.1%","7113","53.4%","9972","58.3%","17085","56.3%","23876","54.2%","2.1pp"
"Earth Rumble","G","U","40302","4.51","7574","5.78","38049","75.6%","54.6%","6218","51.4%","9370","56.0%","15588","54.2%","22447","54.8%","-0.7pp"
"Earthbender Ascension","G","R","6628","2.08","3329","2.20","27218","89.1%","57.7%","5072","67.0%","6732","59.2%","11804","62.6%","15411","53.9%","8.7pp"
"Earthbending Lesson","G","C","153791","7.04","18892","10.07","50443","40.8%","52.9%","8431","49.4%","12775","53.2%","21206","51.7%","28738","53.5%","-1.8pp"
"Earthen Ally","G","R","20190","4.75","3284","6.42","10536","46.7%","53.9%","1916","57.0%","2484","53.7%","4400","55.1%","6097","52.9%","2.2pp"
"Elemental Teachings","G","R","27501","6.21","3201","9.56","723","3.4%","44.1%","113","","176","","289","","424","",""
"Flopsie, Bumi's Buddy","G","U","35952","4.17","7252","5.18","38393","79.4%","54.7%","6259","53.3%","9296","56.5%","15555","55.2%","22668","54.2%","1.0pp"
"Foggy Swamp Vinebender","G","C","155995","7.18","16905","10.57","33899","30.6%","53.0%","5608","51.2%","8198","52.2%","13806","51.8%","20013","53.7%","-1.9pp"
"Great Divide Guide","G","R","7204","2.20","3287","2.35","25912","87.4%","57.3%","4909","66.9%","6137","58.6%","11046","62.3%","14719","53.5%","8.8pp"
"Haru, Hidden Talent","G","U","34612","4.04","6371","5.04","31268","73.2%","54.1%","5775","55.0%","7266","52.5%","13041","53.6%","18076","54.4%","-0.8pp"
"Invasion Tactics","G","U","51004","5.86","6251","8.43","16392","40.0%","53.6%","2668","48.5%","3850","51.9%","6518","50.5%","9880","55.6%","-5.1pp"
"Kyoshi Island Plaza","G","U","55719","6.82","7078","9.56","7043","15.3%","47.2%","1240","48.3%","1872","50.9%","3112","49.8%","3523","43.9%","5.9pp"
"Leaves from the Vine","G","U","53372","6.06","7215","8.49","16145","33.9%","52.8%","2805","52.4%","3782","52.2%","6587","52.3%","9436","53.0%","-0.7pp"
"The Legend of Kyoshi","G","M","3353","1.86","1706","1.95","13702","87.7%","55.3%","2255","58.4%","3414","58.8%","5669","58.6%","7910","52.7%","5.9pp"
"Origin of Metalbending","G","C","148434","6.49","17940","9.44","58084","49.4%","54.8%","9817","53.9%","14097","56.5%","23914","55.4%","33702","54.2%","1.3pp"
"Ostrich-Horse","G","C","146196","6.48","25140","8.54","102608","61.2%","56.3%","18201","56.8%","24932","56.6%","43133","56.7%","59139","56.0%","0.7pp"
"Pillar Launch","G","C","164579","7.98","19622","11.36","27815","21.4%","56.5%","4610","55.1%","6377","57.6%","10987","56.6%","16841","56.4%","0.2pp"
"Raucous Audience","G","C","123027","5.25","20300","6.99","103557","77.2%","55.5%","18737","58.6%","24220","54.4%","42957","56.2%","60421","55.0%","1.2pp"
"Rebellious Captives","G","C","141376","5.99","21202","8.21","101075","72.0%","55.6%","18349","54.7%","23616","55.1%","41965","54.9%","58733","56.0%","-1.1pp"
"Rockalanche","G","U","48453","5.71","6802","7.68","22460","49.5%","54.6%","3877","51.8%","5257","56.7%","9134","54.7%","13151","54.6%","0.0pp"
"Rocky Rebuke","G","C","117500","4.88","20964","6.42","111543","80.3%","55.4%","18643","53.9%","26999","57.3%","45642","55.9%","65849","55.0%","0.9pp"
"Saber-Tooth Moose-Lion","G","C","149960","6.54","18089","9.50","58332","49.5%","53.5%","10386","50.9%","14458","54.1%","24844","52.8%","33472","53.9%","-1.2pp"
"Seismic Sense","G","U","48042","5.29","8389","7.01","38403","69.3%","54.5%","6849","53.2%","9543","56.6%","16392","55.2%","21616","53.8%","1.4pp"
"Shared Roots","G","U","38296","4.30","7465","5.40","38179","78.5%","53.3%","7065","56.7%","9360","52.2%","16425","54.2%","21447","52.7%","1.5pp"
"Sparring Dummy","G","U","54851","6.25","8581","8.31","26617","47.5%","52.8%","4916","52.9%","6526","51.3%","11442","52.0%","15102","53.4%","-1.4pp"
"Toph, the Blind Bandit","G","U","28820","3.39","8023","3.99","48832","87.6%","56.1%","8649","58.1%","11654","57.9%","20303","58.0%","28196","54.6%","3.4pp"
"True Ancestry","G","U","42030","4.62","8736","5.78","44817","77.4%","54.5%","7560","52.2%","11475","56.7%","19035","54.9%","25362","54.0%","0.9pp"
"Turtle-Duck","G","C","160951","7.80","17241","11.36","22941","20.3%","53.5%","4080","53.3%","5402","53.9%","9482","53.6%","13416","53.3%","0.3pp"
"Unlucky Cabbage Merchant","G","U","38197","4.25","7957","5.36","42290","80.0%","54.1%","7717","53.5%","12529","53.6%","20246","53.6%","23940","54.3%","-0.7pp"
"Walltop Sentries","G","C","135887","5.69","18432","8.10","85386","70.5%","54.7%","14954","54.0%","20975","55.7%","35929","55.0%","49097","54.4%","0.6pp"
"Aang, at the Crossroads","WUG","R","7363","2.32","3435","2.37","25223","83.6%","56.8%","4359","60.8%","6675","63.0%","11034","62.1%","13994","52.3%","9.8pp"
"Aang, Swift Savior","WU","R","5651","1.89","3493","1.93","29467","87.7%","59.4%","5292","64.2%","8185","65.5%","13477","65.0%","15830","54.5%","10.5pp"
"Abandon Attachments","UR","C","130354","5.24","23888","7.17","117394","74.3%","54.8%","21174","53.6%","31555","56.1%","52729","55.1%","63693","54.5%","0.5pp"
"Air Nomad Legacy","WU","U","43631","5.35","8082","6.72","26429","48.4%","55.0%","4511","55.5%","6865","55.6%","11376","55.6%","15021","54.5%","1.0pp"
"Avatar Aang","WURG","M","6244","2.99","1734","3.39","8110","61.7%","50.9%","1343","50.0%","2241","56.0%","3584","53.8%","4459","48.5%","5.3pp"
"Azula, Cunning Usurper","UB","R","8183","2.58","3757","2.71","27835","83.4%","57.0%","4594","60.6%","7930","64.1%","12524","62.8%","14451","51.6%","11.3pp"
"Beifong's Bounty Hunters","BG","R","9833","2.98","3481","3.18","22988","78.2%","55.9%","3912","60.3%","5931","59.9%","9843","60.1%","13172","52.7%","7.4pp"
"Bitter Work","RG","U","45750","5.53","6563","7.45","21181","49.0%","52.8%","3684","50.3%","5173","54.1%","8857","52.5%","12331","53.0%","-0.5pp"
"Bumi, Unleashed","RG","M","3370","1.92","1702","1.97","14253","86.3%","56.4%","2410","60.9%","3708","63.2%","6118","62.3%","7976","51.7%","10.6pp"
"Cat-Owl","WU","C","149620","6.42","18860","9.50","45517","36.3%","53.9%","7700","51.7%","12005","54.2%","19705","53.2%","25866","54.4%","-1.2pp"
"Cruel Administrator","BR","U","45569","5.49","6330","7.42","19892","48.9%","51.6%","3332","50.9%","4912","52.9%","8244","52.1%","11727","51.1%","1.0pp"
"Dai Li Agents","BG","U","43012","5.26","7944","6.68","31553","59.3%","54.9%","5161","54.5%","8131","58.3%","13292","56.8%","18158","53.2%","3.6pp"
"Dragonfly Swarm","UR","U","39411","4.70","10079","5.52","51003","73.0%","56.8%","8667","54.4%","15042","60.4%","23709","58.2%","27116","55.4%","2.9pp"
"Earth Kingdom Soldier","WG","C","151041","6.48","20096","9.36","57908","43.0%","55.9%","9508","53.9%","13963","56.2%","23471","55.3%","34390","56.2%","-0.9pp"
"Earth King's Lieutenant","WG","R","9172","2.68","2951","2.97","20296","77.6%","57.5%","3508","62.3%","4741","59.3%","8249","60.5%","11853","55.1%","5.4pp"
"Earth Rumble Wrestlers","RG","C","160552","7.60","17553","11.13","20289","17.6%","53.6%","3500","52.1%","4829","54.1%","8329","53.2%","11947","53.9%","-0.7pp"
"Earth Village Ruffians","BG","C","148727","6.39","19177","9.17","62034","49.3%","53.8%","10974","53.3%","15265","53.7%","26239","53.5%","35700","54.1%","-0.5pp"
"Fire Lord Azula","UBR","R","12888","3.54","2903","4.15","11111","52.2%","50.2%","1734","50.6%","3231","51.5%","4965","51.2%","6000","49.0%","2.2pp"
"Fire Lord Zuko","WBR","R","19343","4.77","2635","6.80","3251","18.3%","46.9%","602","47.3%","785","46.8%","1387","47.0%","1836","46.5%","0.5pp"
"Foggy Swamp Spirit Keeper","UB","U","37022","4.52","10703","5.13","55029","72.4%","56.7%","9643","59.6%","16800","60.5%","26443","60.2%","28670","53.5%","6.7pp"
"Guru Pathik","UG","U","36528","4.12","9395","5.02","46978","74.0%","55.7%","7941","55.6%","13377","58.4%","21318","57.4%","25303","54.2%","3.2pp"
"Hama, the Bloodbender","UB","U","38494","4.38","9184","5.37","46268","76.0%","53.8%","8012","50.2%","13268","56.7%","21280","54.3%","24948","53.5%","0.8pp"
"Hei Bai, Spirit of Balance","WB","U","36053","4.06","7120","5.10","35572","76.5%","53.6%","5957","52.9%","9085","54.4%","15042","53.8%","20611","53.4%","0.4pp"
"Hermitic Herbalist","UG","U","39520","4.72","8704","5.66","39334","67.2%","54.5%","6959","59.9%","10432","55.1%","17391","57.0%","21729","52.5%","4.5pp"
"Iroh, Grand Lotus","URG","R","9786","2.95","3658","3.14","23403","77.2%","54.6%","3884","53.7%","6871","61.1%","10755","58.4%","12374","51.0%","7.4pp"
"Iroh, Tea Master","WR","R","15702","3.97","3857","4.75","17077","60.1%","56.0%","3009","57.9%","4049","56.5%","7058","57.1%","9972","55.1%","2.0pp"
"Jet, Freedom Fighter","WR","U","29561","3.41","8751","4.02","52133","85.0%","57.0%","8596","55.1%","12370","58.5%","20966","57.1%","30837","56.6%","0.5pp"
"Katara, the Fearless","WUG","R","12467","3.43","2730","4.11","11568","60.1%","51.2%","1950","51.5%","2890","51.9%","4840","51.7%","6659","50.6%","1.1pp"
"Katara, Water Tribe's Hope","WU","R","6944","2.20","3768","2.24","29330","85.9%","57.9%","4946","59.6%","8167","63.8%","13113","62.2%","16133","54.3%","7.9pp"
"The Lion-Turtle","UG","R","14469","3.80","3332","4.57","14741","60.5%","53.6%","2553","55.2%","4135","57.9%","6688","56.9%","7935","50.7%","6.2pp"
"Long Feng, Grand Secretariat","BG","U","39427","4.39","6177","5.75","28379","71.6%","52.1%","4847","50.1%","7037","52.4%","11884","51.5%","16496","52.5%","-1.0pp"
"Messenger Hawk","UB","C","114717","4.64","29363","5.87","173633","88.2%","56.4%","30727","55.7%","48413","58.9%","79140","57.6%","94193","55.4%","2.3pp"
"Ozai, the Phoenix King","BR","M","4667","2.56","1523","2.69","9889","71.1%","54.0%","1680","55.8%","2469","59.9%","4149","58.3%","5368","49.6%","8.6pp"
"Platypus-Bear","UG","C","161204","7.39","25176","10.14","53577","32.2%","53.7%","9685","52.5%","14283","53.3%","23968","53.0%","29462","54.2%","-1.2pp"
"Pretending Poxbearers","WB","C","122489","4.79","23759","6.50","133728","84.4%","56.0%","24350","56.3%","31428","54.8%","55778","55.5%","77666","56.3%","-0.8pp"
"Professor Zei, Anthropologist","UR","U","44737","4.81","9085","6.20","43262","71.0%","54.8%","7677","54.8%","12251","56.5%","19928","55.9%","23276","53.8%","2.0pp"
"Sandbender Scavengers","WB","R","18077","4.56","3227","6.02","10313","46.4%","52.0%","1751","50.3%","2686","51.4%","4437","51.0%","5888","52.8%","-1.9pp"
"Sokka, Bold Boomeranger","UR","R","15305","4.01","3285","4.97","13749","59.0%","53.1%","2422","53.6%","3863","54.5%","6285","54.2%","7438","52.0%","2.1pp"
"Sokka, Lateral Strategist","WU","U","23179","2.78","9967","3.11","67639","94.7%","57.5%","12065","60.2%","17838","58.8%","29903","59.3%","37732","55.9%","3.4pp"
"Sokka, Tenacious Tactician","WUR","R","10146","2.98","2875","3.32","15063","66.7%","52.9%","2524","53.6%","4163","54.8%","6687","54.3%","8315","51.5%","2.8pp"
"Suki, Kyoshi Warrior","WG","U","25725","3.05","6850","3.61","41515","88.5%","55.6%","7012","55.2%","10036","55.3%","17048","55.3%","24409","55.7%","-0.4pp"
"Sun Warriors","WR","U","38945","4.62","7509","5.76","33430","66.2%","54.4%","5540","53.4%","7919","54.1%","13459","53.8%","19981","54.6%","-0.7pp"
"Tolls of War","WB","U","43926","5.38","8718","6.54","32988","55.9%","55.6%","5728","58.0%","8695","58.9%","14423","58.6%","18565","53.3%","5.2pp"
"Toph, Hardheaded Teacher","RG","R","8573","2.63","3331","2.80","22992","81.9%","55.2%","3924","56.9%","6075","58.9%","9999","58.1%","12840","52.6%","5.5pp"
"Toph, the First Metalbender","WRG","R","11151","3.12","2957","3.51","15393","67.9%","53.5%","2596","55.2%","3956","56.2%","6552","55.8%","8757","51.5%","4.3pp"
"Uncle Iroh","RG","U","42542","4.74","6694","6.34","27594","63.9%","52.3%","4879","52.3%","6852","52.2%","11731","52.3%","15789","52.3%","0.0pp"
"Vindictive Warden","BR","C","149156","6.62","18359","9.53","51179","42.3%","54.1%","9014","53.1%","12266","54.2%","21280","53.7%","29922","54.3%","-0.6pp"
"Wandering Musicians","WR","C","148593","6.23","21434","8.79","79374","55.2%","56.8%","13574","55.6%","18563","55.0%","32137","55.3%","47099","57.7%","-2.4pp"
"White Lotus Reinforcements","WG","U","31223","3.81","7786","4.43","42818","77.4%","57.2%","7451","58.7%","9930","58.5%","17381","58.6%","25177","56.0%","2.6pp"
"Zhao, Ruthless Admiral","BR","U","49313","5.74","6449","8.09","17124","42.0%","51.2%","2894","50.6%","4276","50.7%","7170","50.6%","9999","51.5%","-0.8pp"
"Zuko, Conflicted","BR","R","20226","4.86","2964","6.85","7042","35.9%","50.4%","1226","50.2%","1647","50.9%","2873","50.6%","4172","50.3%","0.3pp"
"Barrels of Blasting Jelly","","C","158242","6.93","23977","9.65","72068","45.5%","54.2%","13108","52.9%","18619","55.0%","31727","54.2%","40295","54.3%","-0.1pp"
"Bender's Waterskin","","C","160594","7.41","18456","10.81","29548","24.4%","53.1%","5373","53.6%","7868","54.1%","13241","53.9%","16298","52.5%","1.4pp"
"Fire Nation Warship","","U","55949","5.92","10092","8.04","34458","51.5%","56.4%","6005","56.8%","8853","57.5%","14858","57.2%","19663","55.7%","1.6pp"
"Kyoshi Battle Fan","","C","154745","6.59","27916","8.99","111110","59.4%","56.8%","20337","55.8%","26823","56.1%","47160","55.9%","63773","57.4%","-1.4pp"
"Meteor Sword","","U","57312","6.19","7670","8.96","19129","38.3%","53.1%","3249","47.7%","4972","54.3%","8221","51.7%","10885","54.2%","-2.5pp"
"Planetarium of Wan Shi Tong","","M","3252","1.80","2123","1.77","16432","91.4%","55.4%","2772","54.4%","4335","59.9%","7107","57.8%","9295","53.4%","4.3pp"
"Trusty Boomerang","","U","65573","8.23","7661","11.81","1907","3.8%","51.0%","309","","483","","792","46.5%","1112","54.2%","-7.8pp"
"The Walls of Ba Sing Se","","M","11156","4.59","1253","7.13","1098","13.3%","46.4%","182","","280","","462","","634","49.1%",""
"White Lotus Tile","","M","12726","5.02","1447","7.73","763","8.0%","48.5%","129","","158","","287","","476","",""
"Abandoned Air Temple","","R","6877","2.08","3815","2.17","30043","90.8%","58.3%","5265","61.5%","7502","62.0%","12767","61.8%","17203","55.7%","6.1pp"
"Agna Qel'a","","R","15129","3.54","4814","4.14","30253","88.3%","56.1%","5462","55.5%","8424","58.7%","13886","57.4%","16265","54.9%","2.5pp"
"Airship Engine Room","","C","77730","6.16","13984","8.45","62060","67.1%","54.6%","11415","56.4%","16774","55.2%","28189","55.7%","33778","53.6%","2.0pp"
"Ba Sing Se","","R","10158","2.77","3703","3.06","24663","85.5%","56.5%","4384","58.8%","6011","59.5%","10395","59.2%","14115","54.4%","4.7pp"
"Boiling Rock Prison","","C","80177","6.62","11850","9.33","39686","51.7%","53.2%","7356","56.1%","9786","53.1%","17142","54.4%","22511","52.3%","2.1pp"
"Fire Nation Palace","","R","21490","4.70","3015","6.71","12878","64.5%","53.2%","2285","53.7%","3057","51.5%","5342","52.4%","7515","53.8%","-1.4pp"
"Foggy Bottom Swamp","","C","82845","7.09","12458","9.79","42095","51.3%","54.4%","7797","55.5%","10222","54.0%","18019","54.6%","24009","54.3%","0.4pp"
"Jasmine Dragon Tea Shop","","R","12216","3.00","3242","3.54","20429","89.5%","55.3%","3802","56.0%","4958","55.9%","8760","55.9%","11632","54.8%","1.1pp"
"Kyoshi Village","","C","75981","5.96","11782","8.34","54908","69.8%","55.4%","10236","56.9%","12574","53.8%","22810","55.2%","32036","55.6%","-0.4pp"
"Meditation Pools","","C","77083","6.14","13417","8.36","58616","66.4%","54.5%","10762","55.5%","15164","54.7%","25926","55.0%","32534","54.1%","1.0pp"
"Misty Palms Oasis","","C","82042","6.83","12570","9.50","40814","48.9%","54.6%","7482","57.3%","10298","54.8%","17780","55.9%","23010","53.7%","2.2pp"
"North Pole Gates","","C","75418","5.77","13712","7.97","67153","73.3%","55.7%","12150","58.1%","16996","55.1%","29146","56.4%","37933","55.3%","1.1pp"
"Omashu City","","C","77797","6.27","12421","8.63","53953","65.9%","54.1%","9819","55.8%","13220","54.2%","23039","54.9%","30790","53.6%","1.2pp"
"Realm of Koh","","R","14933","3.56","3729","4.26","21801","82.8%","55.8%","3810","56.3%","5639","58.1%","9449","57.4%","12295","54.6%","2.8pp"
"Rumble Arena","","C","149913","6.11","21622","8.78","104812","72.9%","55.4%","19089","55.8%","26143","56.8%","45232","56.4%","59390","54.7%","1.7pp"
"Secret Tunnel","","R","13706","3.43","4190","3.92","25820","84.0%","56.6%","4243","56.6%","6330","59.0%","10573","58.0%","14594","54.8%","3.2pp"
"Serpent's Pass","","C","79443","6.48","14521","8.78","60907","63.4%","55.3%","11248","57.2%","16584","56.8%","27832","56.9%","33014","53.9%","3.0pp"
"Sun-Blessed Peak","","C","78829","6.24","12499","8.76","51711","62.2%","54.7%","9411","55.9%","11964","53.2%","21375","54.4%","30287","55.0%","-0.5pp"
"White Lotus Hideout","","U","59943","6.54","7518","9.54","21072","43.2%","51.1%","3837","51.0%","5512","52.2%","9349","51.7%","11683","50.6%","1.1pp"
"Brought Back","W","M","735","4.74","91","","261","42.2%","","38","","63","","101","","160","",""
"Drannith Magistrate","W","M","647","4.19","118","","454","61.7%","","83","","108","","191","","264","",""
"Empty City Ruse","W","M","841","5.62","81","","25","4.7%","","3","","8","","11","","14","",""
"Lita, Mechanical Engineer","W","M","369","","108","","666","77.6%","57.4%","117","","169","","286","","384","",""
"Release to Memory","W","M","744","4.98","89","","110","19.0%","","13","","33","","46","","64","",""
"Scout's Warning","W","M","862","5.29","122","","233","30.3%","","38","","55","","93","","140","",""
"Teferi's Protection","W","M","582","4.31","81","","200","35.0%","","30","","46","","76","","123","",""
"Three Dreams","W","M","1009","6.59","103","","0","0.0%","","0","","0","","0","","0","",""
"Agent of Treachery","U","M","397","","138","","898","83.9%","57.3%","140","","262","","402","","491","",""
"Bribery","U","M","277","","122","","836","89.2%","53.3%","129","","235","","364","","468","",""
"Clone","U","M","565","3.58","107","","497","67.5%","","87","","138","","225","","271","",""
"Clone Legion","U","M","823","5.26","108","","178","24.2%","","34","","50","","84","","94","",""
"Force of Negation","U","M","543","4.08","87","","243","43.9%","","56","","58","","114","","129","",""
"Imprisoned in the Moon","U","M","785","5.14","86","","192","33.3%","","30","","45","","75","","116","",""
"Intruder Alarm","U","M","985","6.34","120","","10","1.3%","","2","","4","","6","","4","",""
"Mystic Remora","U","M","750","5.22","93","","41","6.8%","","5","","12","","17","","24","",""
"Prosperity","U","M","1000","6.40","96","","13","1.9%","","3","","2","","5","","8","",""
"Sakashima of a Thousand Faces","U","M","634","4.30","104","","281","41.9%","","42","","83","","125","","156","",""
"Standstill","U","M","650","4.54","105","","339","45.7%","","55","","91","","146","","191","",""
"Training Grounds","U","M","823","5.50","76","","18","","","0","","7","","7","","11","",""
"Visions of Beyond","U","M","818","5.31","118","","245","31.3%","","47","","71","","118","","127","",""
"Black Sun's Zenith","B","M","317","","109","","655","79.5%","54.8%","102","","232","","334","","357","",""
"Bloodchief Ascension","B","M","733","4.76","79","","160","28.7%","","20","","41","","61","","99","",""
"Cruel Tutor","B","M","785","5.38","76","","67","13.1%","","8","","23","","31","","36","",""
"Noxious Gearhulk","B","M","230","","112","","1035","93.9%","57.9%","175","","274","","449","","589","52.5%",""
"Blasphemous Act","R","M","473","","133","","704","69.2%","56.1%","155","","196","","351","","353","",""
"Diaochan, Artful Beauty","R","M","839","5.54","94","","25","4.5%","","3","","6","","9","","16","",""
"Dockside Extortionist","R","M","724","5.08","68","","67","","","13","","20","","33","","34","",""
"Fervor","R","M","833","5.76","78","","34","5.9%","","5","","5","","10","","24","",""
"Humble Defector","R","M","970","6.10","130","","128","14.7%","","18","","35","","53","","75","",""
"Insurrection","R","M","629","4.56","103","","355","45.7%","","47","","83","","130","","226","",""
"Lightning Bolt","R","M","279","","123","","874","88.7%","55.7%","161","","204","","365","","508","55.7%",""
"Mirrorwing Dragon","R","M","290","","104","","717","81.3%","56.5%","109","","186","","295","","422","",""
"Rending Volley","R","M","1009","6.37","108","","92","12.3%","","18","","17","","35","","57","",""
"Searing Blood","R","M","680","4.31","117","","527","65.7%","51.6%","82","","137","","219","","308","",""
"Shattering Spree","R","M","1020","6.70","109","","7","1.1%","","0","","2","","2","","5","",""
"Volcanic Torrent","R","M","653","4.52","156","","768","67.7%","59.0%","133","","200","","333","","433","",""
"Warstorm Surge","R","M","557","4.29","69","","175","","","22","","55","","77","","100","",""
"Beastmaster Ascension","G","M","516","3.87","67","","260","","","45","","43","","88","","172","",""
"Elemental Bond","G","M","569","4.40","90","","202","33.5%","","41","","47","","88","","114","",""
"The Great Henge","G","M","238","","97","","774","85.0%","55.7%","157","","202","","359","","414","",""
"Heartbeat of Spring","G","M","872","5.96","102","","6","0.9%","","2","","1","","3","","3","",""
"Heroic Intervention","G","M","657","4.48","93","","259","40.4%","","30","","61","","91","","168","",""
"Return of the Wildspeaker","G","M","690","4.64","104","","255","35.6%","","45","","56","","101","","154","",""
"Rites of Flourishing","G","M","946","6.02","86","","13","2.4%","","0","","5","","5","","8","",""
"Taunting Challenge","G","M","983","6.34","113","","100","13.8%","","13","","26","","39","","61","",""
"Captain Sisay","WG","M","603","4.10","116","","461","57.5%","","73","","125","","198","","261","",""
"Eladamri's Call","WG","M","717","5.18","108","","134","18.6%","","27","","32","","59","","76","",""
"Fevered Visions","UR","M","852","5.29","80","","108","19.4%","","17","","37","","54","","54","",""
"Join the Dance","WG","M","877","5.48","116","","333","44.1%","","59","","78","","137","","196","",""
"Koma, Cosmos Serpent","UG","M","290","","138","","898","80.0%","57.3%","168","","280","","448","","455","",""
"Rhys the Redeemed","WG","M","357","","132","","836","86.4%","58.0%","165","","209","","374","","462","",""
"Cityscape Leveler","","M","302","","131","","969","86.8%","59.1%","166","","266","","432","","537","52.5%",""
"Meteorite","","M","882","5.57","101","","79","12.0%","","11","","25","","36","","42","",""
"Sundial of the Infinite","","M","994","6.65","116","","4","0.5%","","0","","1","","1","","3","",""
"Dark Depths","","M","732","4.81","76","","39","","","6","","10","","16","","23","",""
"Fabled Passage","","M","514","3.26","141","","954","96.4%","58.0%","176","","232","","408","","546","60.6%",""
"Sunbaked Canyon","","M","718","4.45","109","","428","61.9%","","66","","97","","163","","264","",""
"Tarnished Citadel","","M","896","6.09","108","","213","27.2%","","48","","49","","97","","116","",""
"Treetop Village","","M","567","3.73","108","","628","75.5%","55.1%","100","","146","","246","","379","",""
"Valakut, the Molten Pinnacle","","M","721","4.65","100","","161","23.1%","","29","","43","","72","","89","",""